"day","month","year","precip_intensity_max","precip_intensity_avg","precip_type","wind_speed_max","wind_speed_avg","gust_max","gust_avg","temp_min","temp_max","temp_avg","temp_day","temp_night","humidity"
3,2,2018,0.1336,0.019,"rain",3.27,3.25,10.24,4.03,0.18,2.84,1.58,2.84,-3.1,0.83
4,2,2018,0.0129,5e-04,"rain",7.07,7.05,11.88,7.28,-3.1,-0.07,-1.5,-0.2,-3.27,0.76
5,2,2018,0,0,"no_precip",7.72,7.74,9.97,7.84,-4.58,-1.02,-2.71,-1.02,-5.55,0.74
6,2,2018,0,0,"no_precip",5.84,5.86,6.98,5.88,-5.55,-2.78,-4.15,-2.78,-5.11,0.74
7,2,2018,0,0,"no_precip",3.62,3.65,5.26,3.74,-5.11,-0.01,-2.72,-0.01,-2.83,0.68
8,2,2018,0.0342,0.0014,"snow",4.43,4.45,6.38,4.45,-3.29,1.79,-0.87,1.79,-4.88,0.74
9,2,2018,0.4134,0.0384,"rain",7.53,7.55,16.1,8.82,-5.86,0.35,-3.13,0.35,-1.34,0.85
10,2,2018,0.0767,0.0089,"rain",7.6,7.72,10.73,7.72,-1.34,2.9,0.03,2.9,-1.28,0.78
11,2,2018,0.1528,0.0187,"rain",9.82,9.85,13.63,10.86,-2.03,3.14,0.65,2.32,-2.64,0.76
12,2,2018,0,0,"no_precip",7.27,7.32,11.28,7.82,-2.64,1.83,-0.99,1.83,-4.93,0.71
13,2,2018,0.0165,7e-04,"rain",8.76,8.66,15,9.43,-4.93,-0.13,-2.33,-0.13,-4.6,0.74
14,2,2018,0.115,0.0075,"rain",8.71,8.73,14.27,9.7,-4.6,0.32,-2.25,0.32,-1.99,0.8
15,2,2018,0.1357,0.0176,"rain",6.63,6.7,14.16,6.93,-1.99,7.11,3.02,7.11,-0.69,0.84
16,2,2018,0,0,"no_precip",4.17,4.23,10.02,4.65,-0.88,5.52,2.21,5.52,-1.02,0.74
17,2,2018,0,0,"no_precip",2.73,2.74,3.96,2.8,-1.02,5.78,1.79,5.78,-3.36,0.76
18,2,2018,0,0,"no_precip",3.42,3.44,5.51,3.44,-3.5,5.73,0.78,5.73,-1.66,0.8
19,2,2018,0.1896,0.0453,"rain",5.02,5,6.72,5,-1.81,0.88,-0.21,0.82,-0.88,0.89
20,2,2018,0.134,0.0103,"rain",3.01,3.07,5.74,3.16,-0.51,3.45,1.38,3.45,-1.94,0.88
21,2,2018,0,0,"no_precip",5.27,5.29,8.38,5.45,-2.72,0.6,-1.09,0.6,-5.23,0.75
22,2,2018,0,0,"no_precip",7.31,7.32,15.74,8.18,-5.62,-0.7,-3.18,-0.7,-6.85,0.69
23,2,2018,0,0,"no_precip",7.79,7.79,9.36,7.79,-6.85,-2.91,-4.86,-2.91,-9.05,0.68
24,2,2018,0,0,"no_precip",8.92,8.92,12.12,8.92,-9.05,-0.76,-5.33,-0.76,-9.69,0.6
25,2,2018,0,0,"no_precip",8.51,8.52,10.6,8.6,-9.69,-4.51,-7.05,-4.51,-10.47,0.56
26,2,2018,0,0,"no_precip",8.09,8.08,10.92,8.17,-10.47,-6.52,-8.43,-6.52,-9.91,0.62
27,2,2018,0,0,"no_precip",5.86,5.89,8.05,6.01,-9.91,-6.46,-7.86,-6.46,-12.37,0.59
28,2,2018,0,0,"no_precip",8.45,8.42,14.93,10.34,-14.29,-9.09,-11.55,-9.8,-14.6,0.6
1,3,2018,0,0,"no_precip",11.04,11.05,15.31,12.16,-14.6,-5.82,-11.03,-5.82,-11.63,0.56
2,3,2018,0,0,"no_precip",9.4,9.36,15.76,10.08,-11.85,-7.2,-9.56,-8.68,-9,0.69
3,3,2018,0.1913,0.014,"snow",5.05,5.08,11.21,5.79,-7.17,0.5,-3.55,0.5,-2.01,0.86
4,3,2018,0.4502,0.0891,"rain",4.5,4.53,9.59,5.25,-2.01,4.9,1.05,4.9,-1.14,0.88
5,3,2018,0,0,"no_precip",4.75,4.76,6.02,4.81,-1.14,6.35,2.27,6.35,1.42,0.87
6,3,2018,0,0,"no_precip",3.79,3.8,9.18,4.21,1.41,6.86,3.72,6.86,-0.04,0.85
7,3,2018,0.3648,0.0436,"rain",4.08,4.08,10.23,4.37,-0.04,3.8,1.66,3.8,-0.74,0.89
8,3,2018,0.3956,0.0362,"rain",7.59,7.5,14.89,9.42,-0.74,4.31,1.4,4.31,-0.18,0.8
9,3,2018,0.2807,0.0239,"rain",4.38,4.43,9.65,4.89,-0.18,5.9,3.47,5.9,4.87,0.86
10,3,2018,0.3858,0.0374,"rain",5.14,5.09,7.14,5.09,6.08,12.32,9.38,12.32,4.45,0.87
11,3,2018,0.4042,0.0734,"rain",3.64,3.62,8.96,3.98,4.43,12.67,8.79,12.67,4.39,0.86
12,3,2018,0.1442,0.0075,"rain",6.93,6.9,12.8,7.39,4.39,10.74,6.17,10.47,0.11,0.86
13,3,2018,0.3683,0.0491,"rain",5.97,5.97,9.36,6.07,0.11,4.74,2.54,4.74,-0.83,0.88
14,3,2018,0,0,"no_precip",5.53,5.52,9.59,5.83,-0.83,11.67,5.3,11.67,2.86,0.79
15,3,2018,0.1303,0.0091,"rain",5.69,5.71,11.31,5.83,2.86,5.99,4.34,5.99,3.09,0.82
16,3,2018,0.0545,0.0023,"rain",4.04,4.13,7.52,4.13,0.78,8.02,5.13,8.02,-7.67,0.87
17,3,2018,0,0,"no_precip",10.69,10.63,14.82,11.28,-9.63,0.15,-7.21,-6.55,-9.4,0.8
18,3,2018,0,0,"no_precip",9.4,9.41,12.94,9.41,-9.27,-5.46,-7.43,-5.49,-8.05,0.67
19,3,2018,0,0,"no_precip",8.24,8.25,9.21,8.31,-8.69,-2.78,-5.71,-2.79,-4.22,0.58
20,3,2018,0.1397,0.0104,"rain",7.25,7.23,12.61,8.54,-3.97,1.46,-0.56,1.46,-0.68,0.76
21,3,2018,0.0265,0.0011,"rain",4.35,4.4,10.57,5.64,-0.78,4.14,1.5,4.14,-0.88,0.78
22,3,2018,0.5907,0.0682,"rain",6.2,6.2,10.37,6.41,-0.59,4.83,2.13,4.83,0.8,0.85
23,3,2018,0,0,"no_precip",6.66,6.6,11.66,7.16,0.29,4.65,2.15,4.65,2.21,0.8
24,3,2018,0,0,"no_precip",4.24,4.26,5.22,4.27,2.21,10.21,4.54,10.21,2.49,0.78
25,3,2018,0,0,"no_precip",3.9,3.88,5.25,3.88,2.49,4.95,3.66,4.95,1.22,0.85
26,3,2018,0,0,"no_precip",2.75,2.74,3.18,2.26,1.1,6.21,4.01,6.21,-0.88,0.84
27,3,2018,0.3826,0.0563,"rain",4.73,4.71,10.51,5.5,-0.88,6.35,2.65,6.25,3.81,0.87
28,3,2018,0.764,0.0912,"rain",4.81,4.82,8.03,5.06,-1.07,5.72,3.06,5.72,-0.49,0.87
29,3,2018,0.0984,0.0057,"rain",5.24,5.27,10.12,5.66,-0.06,6.81,3.09,6.81,1.41,0.78
30,3,2018,0.0773,0.0052,"rain",5.46,5.48,13.61,6.87,1.41,6.95,3.65,6.95,-0.46,0.84
31,3,2018,0,0,"no_precip",4.81,4.8,12.14,6.42,-0.46,7.21,3.38,7.21,2,0.79
1,4,2018,0.2788,0.0242,"rain",4.25,4.21,10.56,4.8,1.86,5.13,3.4,5.13,1.79,0.83
2,4,2018,0.2907,0.032,"rain",5.9,5.86,9.61,6.12,1.79,13.59,6.36,13.59,6.62,0.79
3,4,2018,0.5143,0.0808,"rain",6.07,6.05,10.18,6.71,6.17,14.91,10.22,14.91,3.84,0.82
4,4,2018,0.1547,0.0161,"rain",6.55,6.53,11.55,7.24,3.84,12.96,7.66,12.96,0.8,0.8
5,4,2018,0,0,"no_precip",6.3,6.28,10.65,6.5,0.44,6.4,3.86,6.4,-0.13,0.75
6,4,2018,0,0,"no_precip",6.4,6.35,9.84,6.71,-0.13,15.19,7.11,15.19,5.33,0.68
7,4,2018,0,0,"no_precip",4.77,4.76,9.71,5.04,5.33,19.29,11.81,19.29,7.79,0.7
8,4,2018,0.0238,0.001,"rain",3.03,3.08,4.91,3.19,6.09,11.1,8.88,11.1,4.68,0.89
9,4,2018,0.066,0.0091,"rain",4.13,4.13,5.25,4.13,4.63,6.71,5.48,6.07,5.56,0.93
10,4,2018,0.3788,0.0342,"rain",3.89,3.85,7.65,4.08,5.86,17.52,11.33,17.52,8.43,0.79
11,4,2018,0.0581,0.0024,"rain",2.69,2.7,4.43,3.07,5.87,12.93,9.77,12.93,5.87,0.85
12,4,2018,0,0,"no_precip",3.67,3.64,4.86,3.64,5.88,8.2,6.8,8.2,5.88,0.92
13,4,2018,0.2042,0.0103,"rain",3.02,3,4.37,3.03,6.43,11.09,7.83,11.09,3.98,0.89
14,4,2018,0.3276,0.025,"rain",2.42,2.42,4.18,2.55,3.98,12.43,8.21,12.43,7.67,0.85
15,4,2018,0.3536,0.0538,"rain",3.11,3.13,4.34,3.2,7.67,13.78,10.55,13.78,5.63,0.87
16,4,2018,0,0,"no_precip",4.6,4.54,7.96,4.85,5.63,12.53,9.62,12.53,5.71,0.81
17,4,2018,0,0,"no_precip",4.52,4.46,7.17,4.56,5.71,17.89,11.94,17.89,10.25,0.67
18,4,2018,0,0,"no_precip",3.54,3.56,4.9,3.65,10.25,20.9,15.5,20.9,12.52,0.65
19,4,2018,0,0,"no_precip",3.73,3.69,5.89,3.74,12.52,22.82,16.86,22.82,12.95,0.62
20,4,2018,0,0,"no_precip",2.95,2.93,5.49,2.93,10.38,18.63,15.07,18.63,8.05,0.71
21,4,2018,0,0,"no_precip",3.22,3.23,4.7,3.24,8.05,16.3,12.78,16.3,13.41,0.8
22,4,2018,0,0,"no_precip",4.97,5,9.9,5.48,13.35,20.34,15.77,20.34,7.15,0.72
23,4,2018,0,0,"no_precip",6.26,6.25,8.17,6.28,6.62,13.26,11.05,13.26,6.22,0.78
24,4,2018,0,0,"no_precip",6.73,6.72,10.86,6.9,6.22,14.36,10.75,14.36,10.1,0.82
25,4,2018,0,0,"no_precip",7.93,7.91,17.19,8.97,10.1,13.42,11.5,13.42,5.02,0.77
26,4,2018,0,0,"no_precip",7.72,7.65,11.61,8.39,5.02,13.19,8.95,13.19,3.77,0.71
27,4,2018,0.1352,0.0126,"rain",3.49,3.48,9.73,4.22,3.77,16.1,9.69,16.1,10.28,0.72
28,4,2018,0.0923,0.0109,"rain",5.03,4.91,10.29,5.44,7.34,13.07,10.85,13.07,6.16,0.84
29,4,2018,0.3594,0.0302,"rain",5.12,5.21,13.75,5.43,4.86,10.29,7.1,10.29,4.42,0.87
30,4,2018,0.737,0.2745,"rain",9.11,9.21,19.57,12.28,0.99,6.8,4.24,6.8,0.99,0.89
1,5,2018,0.2495,0.0202,"rain",6.38,6.41,15.12,8.21,1.4,11.96,6.52,11.96,1.65,0.66
2,5,2018,0.1601,0.0131,"rain",6.89,6.78,12.53,8.41,1.65,14.1,8.33,14.1,6.51,0.72
3,5,2018,0,0,"no_precip",3.02,3.02,4.64,3.14,6.51,12.31,9.71,12.31,5.38,0.73
4,5,2018,0,0,"no_precip",2.37,2.39,5,2.54,5.38,14.02,10.45,14.02,7.83,0.71
5,5,2018,0,0,"no_precip",4.42,4.41,6.91,4.44,7.83,16.07,12.57,16.07,10.53,0.73
6,5,2018,0,0,"no_precip",3.37,3.36,4.76,3.42,10.53,19.21,14.77,19.21,11.75,0.72
7,5,2018,0,0,"no_precip",3.17,3.13,4.78,3.16,11.75,21.99,16.59,21.99,11.13,0.68
8,5,2018,0,0,"no_precip",2.38,2.38,3.99,2.4,11.13,22.55,16.88,22.55,12.07,0.68
9,5,2018,0,0,"no_precip",3.78,3.77,9.58,4.42,12.06,16.09,13.73,16.09,7.33,0.8
10,5,2018,0,0,"no_precip",5,4.9,11.14,5.76,7.33,13.91,11.73,13.91,4.92,0.78
11,5,2018,0,0,"no_precip",3.15,3.11,4.76,3.19,4.92,18.86,12.55,18.86,11.83,0.66
12,5,2018,0.0457,0.0036,"rain",3.97,4.01,10.83,4.28,11.83,17.19,14.23,17.19,11.17,0.72
13,5,2018,0.2936,0.0241,"rain",4.71,4.72,12.17,5.32,11.16,13.24,12.04,13.24,11.08,0.84
14,5,2018,0,0,"no_precip",7.24,7.14,11.76,7.33,10.73,12.04,11.38,12.04,10.12,0.87
15,5,2018,0,0,"no_precip",5.16,5.17,10.29,6.26,10.12,13.83,11.42,13.83,10.82,0.89
16,5,2018,0,0,"no_precip",7.86,7.8,13.51,8.33,10.29,12.34,11.48,12.34,6.01,0.85
17,5,2018,0,0,"no_precip",7.29,7.32,8.84,7.33,6.01,11.56,9.14,11.56,6.03,0.72
18,5,2018,0,0,"no_precip",4.32,4.33,5.94,4.36,6.34,11.56,8.9,11.56,6.88,0.71
19,5,2018,0,0,"no_precip",3.13,3.1,4.47,3.1,6.88,11.08,9.22,11.04,6.69,0.78
20,5,2018,0.1746,0.1448,"no_precip",3.8,3.75,14.16,14.36,6.69,15.53,11.14,15.53,10.99,0.85
21,5,2018,0.5473,0,"no_precip",3.25,3.13,10.12,7.33,10.99,19.76,14.89,19.76,11.96,0.78
22,5,2018,0.0105,0.4885,"rain",3.99,4,10.99,9.24,11.96,17.41,14.98,17.41,11.67,0.79
23,5,2018,0.2089,0.0567,"rain",5.27,5.21,13.1,4.07,11.67,17.08,13.81,17.08,14.04,0.86
24,5,2018,0.2524,0.0302,"rain",3.75,3.66,5.93,7.84,14.04,21.33,16.81,21.33,12.65,0.8
25,5,2018,0.0083,0,"rain",2.65,2.64,10.73,5.47,12.65,16.12,14.16,16.12,12.63,0.91
26,5,2018,0.2042,0.0014,"rain",3.58,3.59,11.18,17.84,12.63,25.36,18.87,25.36,18.96,0.78
27,5,2018,1.0061,0,"rain",4.13,4.08,4.47,11.8,15.03,27.95,20.66,27.95,14.88,0.72
28,5,2018,0,0,"no_precip",3.49,3.48,4.68,3.83,14.96,20.37,17.82,20.37,14.91,0.79
29,5,2018,1.4574,0,"no_precip",4.13,4.19,10.72,7.2,14.65,19.13,16.82,19.13,14.01,0.87
30,5,2018,0.0041,0.7592,"rain",2.72,2.69,16.55,12.8,14.01,22.37,16.79,22.37,14.03,0.88
31,5,2018,0.9046,0.0866,"rain",2.78,2.76,5.26,6.03,14.03,22.58,17.37,22.58,12.97,0.87
1,6,2018,0.1239,0.0021,"rain",3.66,3.63,8.39,3.88,12.97,17.07,15.26,16.77,13.41,0.9
2,6,2018,0,0.0013,"rain",4.06,4.03,13.74,10.2,13.41,18.41,15.6,18.41,10.92,0.84
3,6,2018,0,0,"no_precip",2.83,2.85,21.01,18.49,10.92,20.42,15.82,20.42,13.36,0.82
4,6,2018,0.1163,0.3969,"rain",5.18,5.15,9.73,6.09,13.04,15.68,14.22,15.68,13.04,0.88
5,6,2018,0.0251,0.0027,"rain",6.33,6.3,19.35,9.7,12.03,15.12,14.01,15.12,12.03,0.84
6,6,2018,0.2006,0.0433,"rain",6.39,6.35,15.46,2.81,12.97,17.04,14.87,17.04,13.96,0.83
7,6,2018,0,0.3068,"rain",3.56,3.57,3.84,6.64,13.96,18.93,15.42,18.93,13.36,0.85
8,6,2018,0.032,0.0091,"rain",3.55,3.51,22.09,7.67,13.36,15.41,14.3,15.41,13.68,0.86
9,6,2018,0.0032,4e-04,"rain",4.48,4.45,9.64,8.17,14.01,16.45,14.98,16.45,13.95,0.86
10,6,2018,0,0.026,"rain",5.64,5.59,19.75,9.55,14.01,17.12,15.41,17.12,13.92,0.84
11,6,2018,0.0031,0.0392,"rain",6.09,6.07,10.72,3.24,13.92,19.41,16.41,19.41,15.01,0.8
12,6,2018,0.8387,0.1518,"rain",6.2,6.18,22.81,4.08,13.02,16.45,15.04,16.45,13.02,0.8
13,6,2018,0.1303,0.0052,"no_precip",4.17,4.06,23.16,5.79,12.77,17.42,14.73,16.77,10.04,0.69
14,6,2018,0.2042,0,"rain",5,4.91,22.59,13.4,10.04,17.45,14.4,17.43,10.28,0.78
15,6,2018,0.0098,0.009,"rain",3.06,2.97,8.6,7.04,10.28,19.42,15.44,19.42,11.04,0.77
16,6,2018,0.737,0,"rain",5.11,5.02,12.14,12.39,11.04,18.06,14.83,18.06,12.36,0.72
17,6,2018,0.2089,0.001,"rain",5.5,5.42,10.73,6.71,12.36,17.79,14.81,17.79,14.33,0.74
18,6,2018,0.4087,0.2103,"no_precip",6.02,6,9.65,12.9,14.33,18.19,16.04,18.11,13.41,0.77
19,6,2018,0.3134,0.1012,"rain",4.57,4.51,9.21,9.03,13.41,18.86,16.84,18.77,14.28,0.82
20,6,2018,0.1294,0.0012,"rain",4.61,4.56,5.23,15,14.28,21.79,17.65,21.77,13.41,0.8
21,6,2018,0.4042,0.0229,"no_precip",7.41,7.31,10.86,13.4,12.68,16.13,14.75,15.45,10.78,0.64
22,6,2018,0.0335,0.2764,"rain",5.46,5.51,4.02,13.4,10.78,16.05,13.55,16.05,4.54,0.64
23,6,2018,0.2575,0.1448,"rain",2.88,2.89,6.32,8.17,4.54,19.23,13.45,19.23,11.3,0.68
24,6,2018,0.1142,0,"rain",4.33,4.18,13.63,18.33,11.3,17.06,14.81,17.06,13.26,0.7
25,6,2018,0.0282,0.0168,"rain",3.31,3.29,11.68,3.28,13.26,20.49,16.44,20.49,12.22,0.73
26,6,2018,2.6489,0,"rain",5.17,5.13,20.69,7.8,12.22,18.47,15.84,18.47,13.64,0.78
27,6,2018,0,0.311,"snow",5.97,6.01,10.77,12.99,13.64,18.46,16.35,18.46,15.97,0.79
28,6,2018,0.115,0.2672,"no_precip",5.93,6.05,5.93,12.9,16.05,24.07,19.3,24.07,16.05,0.75
29,6,2018,0.2105,0.4885,"rain",7.21,7.23,4.86,13.4,15.04,19.46,17.8,19.46,14.97,0.79
30,6,2018,0.003,0.0051,"rain",5.75,5.76,10.99,18,14.97,23.44,19.13,23.44,16.22,0.74
1,7,2018,0.018,0.0028,"rain",4.48,4.47,7.31,7.11,16.22,30.43,23.34,30.43,14.94,0.44
2,7,2018,0,0.2171,"rain",6.16,6.16,9.88,13.77,14.94,26.07,20.66,26.07,15.96,0.5
3,7,2018,0,0.2422,"rain",7.48,7.45,6.38,4.21,15.96,21.54,18.87,21.54,16.41,0.65
4,7,2018,0.789,0.0163,"no_precip",4.81,4.79,4.34,14.84,16.04,20.48,18.3,20.48,12.33,0.76
5,7,2018,0.0083,0.0108,"rain",2.59,2.51,4.37,12.86,12.33,22.41,17.95,22.41,12.76,0.7
6,7,2018,0.3028,0.1449,"no_precip",2.55,2.56,14.49,4.92,12.76,24.06,18.97,24.06,13,0.76
7,7,2018,0.5907,0,"no_precip",2.38,2.41,19.42,5.89,13,26.05,20.33,26.05,16.6,0.68
8,7,2018,0.0026,0.001,"rain",4.1,4.05,8.26,14.84,16.6,24.52,20.38,24.52,16.9,0.61
9,7,2018,0.3328,0.0673,"no_precip",4.7,4.74,13.74,2.89,16.9,21.06,18.67,21.06,14.04,0.74
10,7,2018,0,0.0012,"rain",6.9,6.9,19.67,3.16,14.04,16.45,15.76,16.45,15.97,0.7
11,7,2018,0,0.0011,"rain",5.64,5.65,3.84,12.34,15.97,20.04,17.18,20.04,15.68,0.77
12,7,2018,0.5255,0.365,"rain",4.19,4.18,4.64,9.59,15.68,18.12,16.62,18.12,15.65,0.79
13,7,2018,0.5375,0.0012,"no_precip",4.11,4.09,10.65,5.76,15.65,19.82,17.41,19.82,11.77,0.76
14,7,2018,0.0083,0.0028,"no_precip",4.34,4.18,12.84,4.82,11.77,22.11,18.24,22.11,13.66,0.74
15,7,2018,0.549,0.0107,"rain",3.32,3.27,9.15,4.99,13.66,26.47,20.86,26.47,15.04,0.61
16,7,2018,0.3412,0.0161,"rain",2.48,2.47,10.57,7.36,15.04,26.05,21.09,26.05,13.41,0.62
17,7,2018,0.0778,0,"rain",5.67,5.52,9.65,15.35,13.41,21.77,18.27,21.77,10.77,0.67
18,7,2018,0.9169,0.0465,"rain",3.32,3.25,16.61,11.26,10.77,21.42,17.16,21.42,11.04,0.73
19,7,2018,0.1024,6e-04,"snow",3.34,3.3,4.7,2.4,11.04,23.45,18.67,23.45,13.42,0.66
20,7,2018,0.0314,3e-04,"rain",2.45,2.56,13.65,3.03,13.42,22.5,18.53,22.5,17.01,0.7
21,7,2018,0.0507,0.3224,"rain",3.33,3.29,13.65,10.85,15.43,22.43,19.58,22.43,12.35,0.67
22,7,2018,0.0129,0.0322,"rain",3.46,3.39,11.28,6.86,12.35,24.13,18.99,24.13,15.18,0.74
23,7,2018,0.3969,0,"rain",3.17,3.12,15.32,4.45,15.18,25.21,21.25,25.21,14.97,0.67
24,7,2018,0.1772,5e-04,"rain",1.92,2.07,11.66,8.11,14.97,26.43,20.75,26.43,17.02,0.68
25,7,2018,0.1601,0,"rain",3.49,3.25,12.84,8.21,17.02,27.63,23.08,27.63,19.22,0.66
26,7,2018,0.0238,0.4098,"rain",3.45,3.44,9.88,6.07,19.22,31.91,26.08,31.91,20.73,0.64
27,7,2018,0.0041,0.2526,"no_precip",4.18,4.23,16.55,15.13,20.25,33.66,25,33.66,18.14,0.64
28,7,2018,0.1303,0.0018,"no_precip",6.05,5.91,11.62,12.86,15.43,21.69,19.62,21.69,14.99,0.68
29,7,2018,0.0049,0.5377,"rain",4.86,4.79,10.65,12.39,14.99,21.51,18.64,21.2,19.45,0.69
30,7,2018,0.0342,0.177,"rain",4.19,4.1,9.02,12.9,17.83,26.21,21.33,26.21,17.06,0.74
31,7,2018,0,0,"rain",4,3.88,16.61,8.07,15.81,22.11,19.42,22.11,14.35,0.75
1,8,2018,0.0238,0.0016,"rain",2.64,2.6,11.85,13.92,14.35,22.06,18.28,22.06,13.28,0.7
2,8,2018,0.0152,0.0229,"rain",2.41,2.35,5.25,10.86,13.28,24.44,19.21,24.44,14.1,0.67
3,8,2018,0.4583,0.0018,"rain",2.53,2.43,6.48,3.44,14.1,26.46,20.94,26.46,19.38,0.63
4,8,2018,1.6761,0.0147,"no_precip",4.84,4.79,9.84,5.76,18.05,24.26,21.01,24.26,17.26,0.78
5,8,2018,0.4786,0.0682,"rain",5.56,5.51,15.76,6.23,17.26,23.68,20.74,23.68,14.02,0.69
6,8,2018,0.0021,0.0085,"rain",3.26,3.22,12.37,7.84,14.02,26.48,21.45,26.48,15.23,0.64
7,8,2018,0.0438,0.0621,"rain",2.97,3.02,11,12.9,15.23,33.9,23.11,33.9,18.55,0.61
8,8,2018,0,0.0113,"rain",5.7,5.59,19.75,8.17,15.66,21.68,19.64,21.68,13.81,0.68
9,8,2018,0.3798,0.0072,"rain",4.97,4.91,13.19,14.84,13.81,21.36,16.58,21.36,11.99,0.79
10,8,2018,0.2392,0.0483,"rain",6.44,6.37,10.6,14.4,11.99,20.7,15.28,20.7,10.65,0.75
11,8,2018,0.1239,2e-04,"rain",3.62,3.61,10.38,16.78,10.65,19.05,15.86,19.05,15.02,0.68
12,8,2018,1.1101,0,"rain",4.28,4.17,11.68,13.4,15.43,26.07,19.99,26.07,16.11,0.6
13,8,2018,2.2615,5e-04,"rain",5.28,5.21,9.65,7.04,16.11,21.11,18.5,21.11,17.72,0.83
14,8,2018,0.0604,0.1012,"rain",5.52,5.46,9.16,6.63,16.04,20.52,18.73,20.52,16.04,0.78
15,8,2018,0.1332,0.0021,"rain",4.67,4.6,10.83,12.93,15.43,20.81,17.95,20.81,13.43,0.8
16,8,2018,0.2364,0.0284,"rain",4.69,4.65,5.74,11.8,13.43,22.45,17.95,22.45,15.96,0.79
17,8,2018,0.0152,0.0187,"rain",4.39,4.32,9.21,17.81,14.04,20.09,17.94,20.09,13.02,0.67
18,8,2018,1.5686,0.0485,"rain",4.31,4.29,10.33,3.16,13.02,20.5,16.61,20.5,15.33,0.78
19,8,2018,0.0567,0.001,"rain",5.79,5.74,8.56,6.47,15.33,23.04,18.47,23.04,18.2,0.78
20,8,2018,0.2725,0.0858,"rain",2.54,2.55,7.21,17.46,18.2,21.87,19.67,21.87,16.21,0.81
21,8,2018,0.0043,0.1197,"rain",2.45,2.4,6.32,5.64,16.21,22.97,19.15,22.97,14.28,0.82
22,8,2018,0.0259,0.152,"no_precip",3.41,3.37,9.58,14.06,14.28,21.86,17.99,21.86,14.42,0.8
23,8,2018,0.0767,0.0098,"rain",4.97,4.92,6.62,9.7,14.42,22.28,18.4,22.28,14.92,0.79
24,8,2018,0.5279,0.019,"rain",7.19,7.15,10.12,2.04,13.27,18.69,16.49,18.69,11.92,0.62
25,8,2018,0.8944,0.2802,"rain",6.4,6.28,16.27,14.4,11.92,17.13,14.21,17.13,7.63,0.68
26,8,2018,0.0362,0,"no_precip",4.56,4.56,10.12,14.49,7.63,17.06,12.78,17.06,14.04,0.77
27,8,2018,0.2495,0.3849,"rain",6.68,6.62,12.81,12.39,15.43,19.05,17.11,19.05,15.01,0.76
28,8,2018,0,0.2006,"rain",2.46,2.47,17.39,5.06,14.04,20.44,17.03,20.44,11.63,0.75
29,8,2018,0.0021,0.0066,"no_precip",3.18,3.21,17.13,9.44,11.63,16.78,14.59,16.78,15.03,0.86
30,8,2018,0.0137,0.0284,"rain",3.99,4.02,22.81,11.46,14.66,18.82,16.62,18.82,11.96,0.66
31,8,2018,0.097,0.141,"no_precip",2.39,2.36,11.66,10.02,11.96,18.5,15.1,18.5,7.29,0.7
1,9,2018,0.0204,0.0168,"no_precip",2.14,2.17,13.97,7.08,7.29,19.49,13.9,19.49,7.9,0.73
2,9,2018,0.2392,0.0615,"rain",4.35,4.34,8.05,4.09,7.9,20.48,15.67,20.48,13.63,0.76
3,9,2018,1.1101,0,"rain",4.31,4.28,10.23,4.11,13.63,20.5,17.35,20.5,18.04,0.75
4,9,2018,0.4654,0.006,"rain",5.48,5.45,12.17,5.88,18.1,18.92,18.24,18.92,18.18,0.87
5,9,2018,0.0095,0.0133,"no_precip",4.41,4.44,17.39,5.9,18.18,20.3,19.03,20.3,17.68,0.85
6,9,2018,0.0083,0.0551,"snow",4.73,4.7,9.65,7.84,13.04,18.66,17.26,18.66,13.04,0.81
7,9,2018,2.3721,0.0326,"rain",5.84,5.75,15.74,2.89,11.42,17.03,14.63,17.03,7.34,0.68
8,9,2018,1.0061,0.0518,"rain",3.67,3.67,9.59,16.34,7.34,18.09,13.6,18.09,12.02,0.74
9,9,2018,1.0497,0,"rain",3.56,3.54,21.01,9.72,12.02,24.69,17.11,24.69,12.69,0.73
10,9,2018,0.1489,0.067,"rain",4.79,4.72,15.43,6.76,12.69,19.46,16.33,19.46,13.04,0.8
11,9,2018,0.3328,0.0113,"rain",6.56,6.45,8.43,14.91,13.04,22.11,17.54,22.11,16.79,0.78
12,9,2018,0.0041,0.0016,"rain",4.36,4.32,17.39,10.96,13.96,17.76,15.71,17.29,12.98,0.86
13,9,2018,0.2514,0.2593,"rain",2.3,2.25,16.25,3.98,9.43,18.04,14.6,18.04,5.61,0.74
14,9,2018,0.9046,5e-04,"rain",3.93,3.86,18.95,5.45,5.61,17.42,12.22,17.42,10.65,0.75
15,9,2018,0.2089,0.0322,"rain",4.05,3.99,15.18,5.06,10.64,18.47,15.1,18.47,6.06,0.75
16,9,2018,0,0.0811,"rain",3.8,3.72,3.96,11.24,6.06,22.3,14.22,22.3,9.88,0.73
17,9,2018,0.0041,0.2568,"rain",3.16,3.14,8.96,7.04,9.88,25.15,16.36,25.15,14.03,0.63
18,9,2018,0.0198,0.0014,"no_precip",6.38,6.22,16.81,15.99,14.02,23.04,17.87,23.04,12.8,0.65
19,9,2018,0.1953,0.0038,"rain",5.89,5.78,20.3,14.4,12.8,22.66,17.8,22.66,14.88,0.75
20,9,2018,0,0,"rain",5.24,5.23,4.37,9.26,14.88,22.16,18.49,22.16,14.81,0.75
21,9,2018,0.5375,0.0491,"rain",10.72,10.61,22.32,17.73,13.91,19.04,16.2,17.15,6.76,0.63
22,9,2018,0.5812,7e-04,"rain",5.36,5.47,7.81,8.04,6.76,15.03,12.23,14.16,9.95,0.78
23,9,2018,0.5157,0,"no_precip",5.78,5.79,9.65,9.96,9.95,13.16,11.36,13.16,10.95,0.86
24,9,2018,0.0261,0,"rain",5.7,5.64,17.13,14.7,10.03,15.03,12.78,15.03,2.68,0.62
25,9,2018,0.3858,0.0398,"rain",1.87,1.86,5.26,6.01,2.68,15.16,9.02,15.16,2.46,0.76
26,9,2018,0.3648,0.0051,"rain",2.36,2.38,13.74,10.34,2.46,17.47,10.52,17.47,4.4,0.76
27,9,2018,0.6718,0.0103,"rain",2.44,2.36,9.88,16.9,4.4,19.08,11.38,19.08,7.63,0.75
28,9,2018,0,0.0475,"rain",6.73,6.54,11.72,7.86,7.63,16.55,13.85,16.04,3.97,0.72
29,9,2018,0,0.0017,"rain",2.3,2.32,8.29,19.32,3.97,15.09,9.39,15.09,1.45,0.69
30,9,2018,0,0.0303,"rain",3.04,3.08,14.28,11.22,1.45,15.66,9.57,15.66,10.81,0.76
1,10,2018,0.0342,0.0131,"rain",7.77,7.65,10.7,15.99,10.55,13.43,12.06,13.05,6.44,0.62
2,10,2018,0.0042,0,"rain",6.25,6.15,15.32,12.6,6.44,17.45,12.46,17.45,13.05,0.8
3,10,2018,1.5686,0.0048,"no_precip",4.6,4.6,9.15,6.63,12.96,15.45,14.26,15.09,7.21,0.72
4,10,2018,0.002,0.0456,"no_precip",2.62,2.6,18.95,5.02,7.21,18.45,12.53,18.45,6.58,0.87
5,10,2018,0.0094,0.0016,"rain",2.3,2.27,17.11,6.79,6.58,21.15,13.05,21.15,6.23,0.77
6,10,2018,0,5e-04,"rain",3.26,3.37,12.82,8.43,6.23,17.62,12.67,17.62,11.65,0.85
7,10,2018,0.0314,0.2568,"rain",6.6,6.56,9.37,16.34,7.42,15.45,12.47,15.45,2.13,0.69
8,10,2018,0.0747,0,"rain",3.05,2.99,10.37,8.33,2.13,16.04,9.13,16.04,4.94,0.81
9,10,2018,0.1442,0.0866,"rain",2.67,2.7,14.44,9.44,3.98,19.44,11.25,19.44,7.03,0.74
10,10,2018,0.0043,0.1557,"no_precip",3.19,3.22,22.81,7.79,7.03,22.43,13.88,22.43,14.26,0.78
11,10,2018,0.4515,0.2561,"rain",6.15,6.02,13.5,12.9,14.43,22.5,18.28,22.5,12.04,0.74
12,10,2018,0,0,"rain",5.75,5.81,13.75,13.31,12.04,21.16,17.12,21.16,16.42,0.77
13,10,2018,0.0021,0.0242,"rain",5.75,5.71,9.48,6.1,16.28,24.62,19.98,24.62,15.41,0.73
14,10,2018,0.0681,0,"rain",4.65,4.51,10.56,9.26,15.41,23.06,18.38,23.06,13.04,0.71
15,10,2018,0,0.0021,"rain",3.47,3.44,5.26,12.8,13.04,22.18,16.56,22.18,9.99,0.75
16,10,2018,0.8192,0.2171,"rain",2.67,2.73,22.04,9.14,9.81,24.04,15.49,24.04,10.04,0.75
17,10,2018,0.789,0.1012,"rain",2.21,2.23,9.65,6.5,10.03,17.42,13.26,17.42,12.65,0.83
18,10,2018,0.0041,0.6588,"rain",4.91,4.82,16.61,8.21,11.04,15.43,13.94,15.43,10.99,0.79
19,10,2018,0,0.0978,"rain",3.41,3.41,6.6,9.05,10.6,15.46,12.47,15.46,5.13,0.75
20,10,2018,1.2628,0.0108,"rain",1.71,1.68,13.63,4.03,5.13,15.47,10.07,15.47,6.32,0.8
21,10,2018,0.1772,0,"rain",1.85,1.82,5.25,8.97,6.32,17.57,11.08,17.57,8.24,0.79
22,10,2018,0.0098,8e-04,"rain",6.2,6.02,10.72,5.71,8.27,15.04,12.78,14.53,5.88,0.7
23,10,2018,0,0.0013,"no_precip",7.53,7.44,5.25,4.28,5.88,14.07,11.81,14.07,14.04,0.7
24,10,2018,0,0.03,"rain",4.92,4.94,12.61,7.79,13.02,15.12,14.24,15.12,10.96,0.82
25,10,2018,1.2148,0.0699,"rain",3.67,3.66,8.37,4.85,10.96,13.07,11.89,12.11,10.01,0.76
26,10,2018,0.0083,0.0436,"rain",6.11,6.18,8.17,12.86,5.38,12.14,9.7,12.14,4.01,0.75
27,10,2018,0.1896,0.0303,"no_precip",4.81,4.81,13.52,11.24,2.14,5.62,4.41,4.84,-0.86,0.78
28,10,2018,0,0.0456,"rain",6.65,6.55,15.61,14.4,-0.86,4.4,1.3,4.4,-1.66,0.7
29,10,2018,0.3953,0,"rain",5.02,5.07,6.49,15.13,-1.66,2.63,0.6,2.63,11.04,0.81
30,10,2018,0.0032,0.0085,"rain",8.88,7.37,11.62,18,2.63,10.04,4.14,17.72,0.95,0.84
31,10,2018,0.3514,0.152,"rain",3.98,3.99,12.94,13.32,0.95,11.14,5.54,11.14,5.01,0.82
1,11,2018,0.0289,2e-04,"rain",5.47,5.5,9.87,5.3,5.01,13.19,9.56,13.19,4.87,0.79
2,11,2018,0.7365,0.001,"rain",4.72,4.72,4.64,7.35,0.22,11.04,6.71,11.04,-2.1,0.69
3,11,2018,0.0581,0.279,"no_precip",3.34,3.32,4.9,2.04,-2.1,10.51,2.73,10.51,1.96,0.79
4,11,2018,0.0041,0.6165,"rain",3.37,3.33,20.86,10.16,1.96,11.76,5.74,11.76,3.81,0.8
5,11,2018,0.5121,0.0621,"no_precip",3.15,3.15,23.36,4.54,3.81,14.19,8.49,14.19,6.51,0.85
6,11,2018,0.4424,4e-04,"rain",4.01,4.04,8.75,8.38,6.51,18.66,12.47,18.66,5.64,0.79
7,11,2018,0.0457,0.0038,"rain",7.55,7.47,20.69,13.4,5.64,12.08,10.34,12.08,3.49,0.82
8,11,2018,0.2946,0.0333,"rain",4.18,4.2,4.86,10.34,2.26,12.12,6.94,12.12,2.11,0.81
9,11,2018,0.0507,0.0036,"rain",6.43,6.48,19.33,14.06,2.11,12.81,7.84,12.69,11.63,0.85
10,11,2018,1.1519,0.3969,"rain",9.44,9.53,20.69,15.73,11.5,12.85,12.18,12.62,11.45,0.88
11,11,2018,0.4424,0.2062,"rain",9.66,9.61,17.78,14.79,10.08,13.78,12.17,13.78,10.08,0.83
12,11,2018,0.2524,0.067,"rain",6.74,6.75,13.74,10.92,10.54,13.01,11.57,13.01,6.09,0.87
13,11,2018,0.5279,0.1559,"rain",8.43,8.38,17.25,13.48,5.46,13.16,11.14,13.16,6.32,0.84
14,11,2018,0.0194,0.0018,"rain",5.9,5.88,10.78,9.81,6,13.31,10.73,13.31,7.14,0.82
15,11,2018,0.0031,0.0258,"rain",5.53,5.56,8.76,7.96,5.68,11.07,8.26,11.07,6.16,0.91
16,11,2018,0.0054,2e-04,"rain",4.91,4.93,7.66,6.03,4.59,10.52,6.95,10.34,3.03,0.95
17,11,2018,0.002,0.3849,"rain",6.7,6.68,14.86,9.93,1.84,10.32,5.07,10.32,0.98,0.83
18,11,2018,0.0021,0.0021,"rain",8.27,8.29,14.83,12.67,0.98,5.42,3.03,5.42,0.76,0.71
19,11,2018,0.1661,0.0583,"rain",11.48,11.51,17.05,15.79,0.39,3.85,1.96,3.85,-0.77,0.77
20,11,2018,0.1985,0.077,"rain",10.43,10.44,17.11,13.62,-1.29,1.35,0.28,0.97,-0.75,0.75
21,11,2018,0.1294,0.0176,"rain",5.55,5.54,10.07,7.01,-1.81,5.71,1.57,3.09,0.53,0.77
22,11,2018,0.0044,0.2755,"rain",4.02,4.02,6.59,5.25,0.53,4.48,2.46,2.94,1.89,0.85
23,11,2018,0.0076,8e-04,"rain",4.14,4.18,7.31,5.97,1.95,8.21,4.8,8.21,3.29,0.86
24,11,2018,0.0335,0.0043,"rain",4.92,4.95,8.43,5.9,2.93,4.65,3.79,4.65,2.61,0.88
25,11,2018,0.0335,0.0173,"rain",6.3,6.29,9.21,7.77,-0.91,3.95,2.11,2.92,1.95,0.91
26,11,2018,0.4023,0.1922,"rain",4.81,4.8,8.94,6.18,2.67,6.49,4.03,5.55,4.57,0.9
27,11,2018,0.5867,0.0927,"rain",6.17,6.23,17.14,8.28,2.5,6.55,4.29,5.41,2.55,0.91
28,11,2018,0.5812,0.178,"rain",10.57,10.63,19.56,16.6,2.55,13.14,7.22,13.14,11.68,0.91
29,11,2018,0.8639,0.2966,"rain",11.2,11.17,22.35,17.7,11.02,12.81,11.92,12.81,10.08,0.82
30,11,2018,0.383,0.1366,"rain",8.18,8.2,17.41,13.77,4.39,11.42,8.66,11.31,4.77,0.84
1,12,2018,0.3315,0.1175,"rain",9.45,9.37,19.32,14.65,3.73,11.79,7.17,10.72,10.72,0.87
2,12,2018,1.9426,0.365,"rain",10.34,10.3,18.44,16.89,11.77,13.95,13.14,13.95,12.11,0.92
3,12,2018,0.3836,0.1711,"rain",10.54,10.48,18.22,14.84,6.63,14.5,12.45,13.17,6.24,0.85
4,12,2018,0.1027,0.0333,"rain",4.12,4.19,8.6,5.05,5.99,10.58,7.72,10.11,4.5,0.7
5,12,2018,1.1778,0.2972,"rain",7.24,7.17,14.59,11.49,4.47,11.27,7.41,11.26,11.19,0.86
6,12,2018,0.549,0.0653,"rain",7.91,7.93,19.32,13.96,11.38,13.07,12.16,12.93,11.53,0.91
7,12,2018,1.6572,0.5456,"rain",12.86,12.89,22.46,19.53,4.41,13.1,9.96,13.1,4.45,0.86
8,12,2018,0.5162,0.1721,"rain",15.09,15.12,23.08,19.8,4.79,12.24,10.96,11.92,10.92,0.74
9,12,2018,0.2754,0.1449,"rain",13.96,13.95,22.81,17.38,4.63,11.86,10.06,11.35,4.93,0.71
10,12,2018,0.0148,0.006,"rain",9.14,9.1,13.1,11.01,3.96,10.76,5.6,5.39,4.94,0.69
11,12,2018,0.0065,7e-04,"rain",3.4,3.46,7.54,3.74,3.49,7.07,5.47,7.07,0.53,0.66
12,12,2018,0.0011,0,"rain",4.51,4.53,10.82,6.68,-1.16,4.71,2.08,3.98,-2.26,0.75
13,12,2018,0,0,"no_precip",8,8.01,13.52,12.1,-3.46,-0.99,-1.68,-0.99,-3.47,0.79
14,12,2018,0.0261,0.0108,"rain",4.91,4.95,9.37,6.92,-2.49,2.1,-0.62,2.09,-3.61,0.77
15,12,2018,3.0661,0.4401,"rain",9.12,9.03,22.17,12.8,-5.69,1.65,-2.81,-1.48,-5.69,0.76
16,12,2018,0.8949,0.0811,"rain",6.94,7.02,15.61,9.96,-3.5,5.72,2.43,5.72,2.25,0.88
17,12,2018,0.8387,0.115,"rain",8.15,8.15,14.95,11.32,3.98,11.02,5.94,10.4,4.08,0.83
18,12,2018,0.1746,0.0088,"rain",10,9.95,18.71,15.02,3.11,6.02,4.73,5.53,4.28,0.82
19,12,2018,0.8145,0.1864,"rain",8.57,8.6,16.61,13.92,3.45,10.94,5.62,10.94,3.89,0.85
20,12,2018,0.4995,0.3047,"rain",9.2,9.21,17.39,14.6,3.11,10.42,4.98,5.12,4.99,0.87
21,12,2018,2.6489,0.7375,"rain",12.25,12.12,21.89,18.11,4.99,13.24,10.49,13.24,10.98,0.86
22,12,2018,1.1152,0.141,"rain",10.22,10.1,18.95,14.06,5.24,12.51,10.15,11.34,5.24,0.82
23,12,2018,0.789,0.2755,"rain",6.91,6.87,14.71,10.71,2.85,11.62,7.26,11.11,2.85,0.91
24,12,2018,0.4188,0.0336,"rain",3.76,3.77,10.38,4.89,5.13,9.94,7.17,9.92,-0.05,0.66
25,12,2018,0.0032,0.155,"rain",3.45,3.41,6.93,5.71,-0.37,4.84,1.98,4.84,1.35,0.8
26,12,2018,0.0043,0.0957,"rain",3.49,3.52,5.93,4.89,0.4,3.69,2.08,3.69,0.03,0.91
27,12,2018,0.0032,0.0297,"rain",2.35,2.35,4.77,3.3,0.03,5.58,2.41,5.58,1.34,0.88
28,12,2018,0.0318,0.0107,"rain",3.38,3.35,6.21,4.34,1.34,5.55,2.97,4.76,4.42,0.9
29,12,2018,0.0177,0.0047,"rain",7.62,7.54,16.26,11.41,5.49,11.44,9.53,10.9,5.26,0.87
30,12,2018,0.0082,9e-04,"rain",5.29,5.33,10.02,7.66,5.26,10.84,7.86,10.84,6.88,0.88
31,12,2018,0.0488,0.0048,"rain",5.11,5.16,8.05,6.35,5.02,11.32,8.24,11.28,5.02,0.87
1,1,2019,0.0438,0.0193,"rain",8.72,8.71,16.6,11.23,2.9,10.65,6.42,10.57,2.85,0.78
2,1,2019,0.0557,0.0322,"rain",7.88,7.91,17.12,10.49,1.17,4.96,2.98,3.89,1.18,0.75
3,1,2019,0.0434,0.0308,"rain",4.88,4.89,7.55,6.62,1.18,4.57,3.29,3.79,2.21,0.78
4,1,2019,0.048,0.0113,"rain",6.61,6.62,9.18,7.37,-1.32,4.96,2.5,3.25,3.2,0.7
5,1,2019,0.035,0.0218,"rain",7.19,7.2,13.88,9.11,1.59,5.54,3.29,4.78,2.03,0.76
6,1,2019,0.034,0.0295,"rain",4.84,4.9,8.75,6.77,2.03,6.98,5.18,6.98,5.05,0.75
7,1,2019,0.0405,0.0171,"rain",7.74,7.74,15.87,10.28,4.68,11.38,8.42,10.68,3.99,0.86
8,1,2019,0.1163,0.0518,"rain",12.1,12.13,18.83,16.78,0.31,6.07,3.52,4.46,0.23,0.75
9,1,2019,0.1207,0.0673,"rain",11.05,11.02,20.3,15.49,0.23,3.13,1.65,2.81,2.21,0.74
10,1,2019,0.1014,0.0546,"rain",4.88,4.98,10.99,7.04,0.83,4.76,2.88,4.59,2.68,0.79
11,1,2019,0.1131,0.0475,"rain",6.47,6.43,11.35,9.85,3.16,5.81,4.61,5.81,4.33,0.9
12,1,2019,0.1142,0.0521,"rain",9.1,9.04,16,12.92,3.3,6.55,4.96,5.17,4.07,0.82
13,1,2019,0.5157,0.0883,"rain",10.83,10.8,19.02,17.46,4.07,10.65,5.53,10.65,3.76,0.85
14,1,2019,0.0675,0.0378,"rain",7.44,7.43,17.24,10.85,-0.18,4.49,3.24,4.06,-0.63,0.81
15,1,2019,0.0234,0.009,"rain",7.47,7.4,13.88,11.42,-0.61,5.44,2.92,4.24,3.7,0.85
16,1,2019,0.7505,0.3224,"rain",10.11,9.93,19.67,15.35,1.73,5.53,3.54,4.49,1.01,0.87
17,1,2019,0.6478,0.1847,"rain",10.08,10.02,17.47,12.93,-1.48,4.28,1.06,2.04,0.9,0.76
18,1,2019,0.0192,0.0089,"rain",4.93,5.06,11.01,6.32,-2.43,4.5,1.47,4,-4.12,0.75
19,1,2019,0.0041,0.0525,"rain",6.81,6.76,11.31,10.08,-4.66,-1.4,-3.2,-1.4,-5.72,0.79
20,1,2019,0,0,"no_precip",3.9,3.9,6.76,4.81,-5.72,0.42,-2.72,-0.45,-2.97,0.74
21,1,2019,0,0,"no_precip",2.99,3.05,10.42,4.5,-2.97,0.94,-0.73,0.94,-3.42,0.75
22,1,2019,0.7233,0.152,"snow",7.34,7.29,16.81,10.3,-3.42,0.62,-1.98,-0.69,-3.16,0.83
23,1,2019,0.6904,0.2006,"snow",4.68,4.65,8.89,6.79,-3.92,0.74,-1.49,0.4,-3.33,0.84
24,1,2019,0.0281,0.0124,"rain",3.23,3.2,5.06,3.79,-3.33,2.86,-0.7,2.04,0.1,0.8
25,1,2019,0.4001,0.1138,"rain",5.03,5.04,14.12,8.5,-1.17,10.51,2.31,3.24,3.24,0.88
26,1,2019,0.4515,0.0551,"rain",9.68,9.74,20.58,15.31,3.31,10.55,5.01,5.52,2.5,0.88
27,1,2019,0.8192,0.3397,"rain",12.34,12.42,23,17.35,-2.12,4.74,1.64,3.15,-0.6,0.81
28,1,2019,0.5285,0.2692,"rain",13.09,13.11,23.79,16.4,-1.37,1.48,-0.04,0.27,-1.68,0.74
29,1,2019,0.4455,0.0757,"rain",6.14,6.14,12.4,9.03,-1.95,2.66,-0.68,-0.82,-2.09,0.72
30,1,2019,1.0728,0.3338,"snow",5.6,5.53,10.99,7.19,-2.62,1.47,-0.58,1.01,-3.06,0.8
31,1,2019,0.291,0.1012,"snow",5.31,5.38,15.23,7.19,-6.71,1.75,-3.64,-1.97,-6.09,0.84
1,2,2019,0.3412,0.1032,"snow",5.48,5.6,14.89,7.35,-5.47,3.48,-1.51,3.48,0.53,0.9
2,2,2019,0.4786,0.1557,"rain",8.8,8.74,16.55,12.23,-1,1.7,0.55,0.88,0.24,0.78
3,2,2019,0.0366,0.0154,"rain",6.88,6.93,14.15,9.06,-0.81,1.68,0.53,1.68,-0.81,0.75
4,2,2019,1.5722,0.2763,"rain",10.28,10.15,19.01,16.34,-3.39,2.39,-0.25,1.16,1.16,0.84
5,2,2019,0.1772,0.0279,"rain",5.83,5.85,14.22,9.62,0.02,4.6,2.73,3.45,-0.36,0.92
6,2,2019,0.7365,0.2561,"rain",7.66,7.68,14.66,12.79,-0.35,5.34,2.84,5.33,2.74,0.95
7,2,2019,0.9169,0.1318,"rain",11.57,11.43,22.3,18.49,2.31,10.14,3.88,4.05,1.97,0.81
8,2,2019,1.3228,0.2444,"rain",12.46,12.39,25.97,19.99,1.97,10.83,4.31,10.83,2.71,0.88
9,2,2019,0.1161,0.0151,"rain",12.52,12.45,22.59,19.35,2.48,4.47,3.67,4.24,2.86,0.79
10,2,2019,1.5686,0.4486,"rain",9.79,9.81,20.86,14.36,-1.55,5.87,2.59,4.63,1.7,0.89
11,2,2019,0.0139,0.0014,"rain",6.69,6.73,14.32,8.45,1.49,4.9,2.85,4.23,0.63,0.78
12,2,2019,0.024,0.0045,"rain",5.15,5.12,11,8.54,0.58,5.81,3.14,5.81,3.34,0.82
13,2,2019,0.003,6e-04,"rain",6.19,6.23,10.56,9.19,1.84,5.98,4.04,5.9,0.25,0.84
14,2,2019,0.0042,0.0883,"rain",3.76,3.78,8.39,6.39,0.25,11.17,3.9,11.17,1.08,0.79
15,2,2019,0.0021,0.0027,"rain",4.34,4.32,9.02,7.11,1.08,12.03,5.19,12.03,1.68,0.76
16,2,2019,0.0043,0.0016,"rain",4.66,4.61,10.33,8.06,1.68,11.08,5.05,11.08,2.34,0.84
17,2,2019,0.0041,5e-04,"rain",5.3,5.23,12.37,9.07,2.12,11.84,6.29,11.84,2.07,0.76
18,2,2019,0.0817,0.0083,"rain",4.41,4.43,11.62,7.89,2.07,10.02,4.87,10.02,-0.46,0.88
19,2,2019,0.0243,0.0015,"rain",6.97,6.93,11.89,11.41,-0.46,4.81,3.03,4.81,0.91,0.89
20,2,2019,0.0043,0.0013,"rain",6.38,6.34,11.68,11.04,0.91,6.4,3.41,6.4,1.48,0.83
21,2,2019,0.0021,0.0161,"rain",5.62,5.6,11.71,10.16,1.48,6.15,4.02,6.15,4.08,0.92
22,2,2019,0.0061,5e-04,"rain",3.56,3.63,8.81,4.47,3.82,8.3,5.88,8.27,2.4,0.95
23,2,2019,0.0031,0.0107,"rain",4.34,4.34,9.87,7.21,2.4,12.31,6.64,12.31,0.2,0.82
24,2,2019,0.0052,4e-04,"rain",2.8,2.82,5.93,4.1,0.2,13.12,6.55,13.12,2.2,0.75
25,2,2019,0.0042,0.0699,"rain",3.21,3.2,5.78,4.11,2.2,12.65,6.63,12.65,2.16,0.69
26,2,2019,0.0042,4e-04,"rain",2.67,2.68,5.97,4.07,2.16,15.19,8.43,15.19,2.31,0.72
27,2,2019,0.0041,0.0016,"rain",3.5,3.52,6.49,5.32,2.29,11.9,6.33,11.9,1.06,0.8
28,2,2019,0.2958,0.0232,"rain",6.94,6.91,16.65,11.29,1.06,10.63,5.09,10.63,2.79,0.9
1,3,2019,0.1675,0.0303,"rain",5.58,5.6,10.24,7.04,2.79,10.14,5.02,7.51,4.12,0.89
2,3,2019,0.041,0.0099,"rain",7.28,7.27,21.54,12.35,4.12,10.12,5.88,10.12,4.54,0.9
3,3,2019,0.9415,0.2526,"rain",12.37,12.34,26.71,22.44,5.58,11.99,10.39,11.56,1.53,0.89
4,3,2019,0.9486,0.2593,"rain",11.97,12.04,22.32,16.86,0.96,11.89,4.73,4.58,-0.14,0.8
5,3,2019,0.3134,0.0473,"rain",8.7,8.8,19.04,13.3,-0.14,6.01,3.97,6.01,4.8,0.77
6,3,2019,0.6293,0.2103,"rain",9.53,9.47,19.94,17.84,4.18,10.13,5.55,6.2,2.83,0.87
7,3,2019,1.0497,0.2401,"rain",12.52,12.44,23.19,17.94,2.83,10.7,4.93,5.72,3.35,0.8
8,3,2019,0.6718,0.0957,"rain",8.48,8.61,20.51,12.42,3.26,5.26,4.24,5.26,3.26,0.79
9,3,2019,0.3798,0.0456,"rain",10.64,10.62,20.86,15.9,4.17,10.77,7.77,10.63,3.07,0.83
10,3,2019,1.8634,0.4098,"rain",11.8,11.71,29.85,17.12,0.39,11.54,4.63,11.54,-0.69,0.79
11,3,2019,0.1562,0.0465,"rain",12.56,12.43,21.66,16.34,-0.77,5.09,1.96,5.09,2.86,0.68
12,3,2019,0.9098,0.2006,"rain",12.52,12.34,22.2,17.81,-0.8,4.4,2.63,3.32,-0.8,0.79
13,3,2019,0.2105,0.0651,"rain",14.2,14.09,22.73,19.3,2.66,5.45,3.65,5.45,3.06,0.73
14,3,2019,1.0923,0.2422,"rain",11.65,11.61,23.16,16.9,3.06,10.63,6.34,10.44,4.98,0.78
15,3,2019,0.9097,0.3068,"rain",11.36,11.23,20.69,16.78,4.98,11.45,9.4,11.45,5.18,0.86
16,3,2019,0.5758,0.1601,"rain",14.31,14.23,25.43,19.68,4.53,11.6,9.31,10.82,3.06,0.82
17,3,2019,0.4583,0.1848,"rain",10.56,10.66,23.7,14.49,-0.14,10.93,3.08,4.07,-0.54,0.78
18,3,2019,0.0795,0.0224,"rain",6.04,6.01,13.7,7.67,-0.14,6.54,4.23,6.54,1.88,0.78
19,3,2019,0.0152,0.0057,"rain",4.03,3.99,11.29,6.3,1.78,6.65,4.73,6.65,4.24,0.86
20,3,2019,0.011,0.0011,"rain",4.66,4.66,9.4,8.07,4.24,10.08,6.52,10.08,4.23,0.92
21,3,2019,0.0063,5e-04,"rain",3.91,3.95,11.61,5.89,4.23,10.31,6.58,8.53,8.2,0.9
22,3,2019,0.0021,0.0567,"rain",4.35,4.36,8.8,5.29,1.2,11.15,7.07,10.82,4.65,0.93
23,3,2019,0.0051,2e-04,"rain",6.04,6.06,15.18,7.04,3.59,11.28,7.47,10.99,3.7,0.83
24,3,2019,0.0162,0.0016,"rain",4.57,4.67,12.09,6.1,3.84,10.15,5.41,6.62,2.89,0.73
25,3,2019,0.0414,0.018,"rain",11.05,10.91,15.43,13.5,2.38,5.75,4,3.89,3.77,0.73
26,3,2019,0.0152,0.0017,"rain",4.79,4.78,9.25,5.47,3.93,10.55,5.91,6.87,6.87,0.75
27,3,2019,0.0044,0.0229,"rain",2.38,2.39,4.02,3.15,6.81,11,8.44,8.32,7.38,0.84
28,3,2019,0.0193,0.0066,"rain",2.6,2.58,4,3.07,6.46,11.04,8.93,10.41,4.67,0.83
29,3,2019,0.0032,0.0392,"rain",3.31,3.29,6.05,4.19,4.67,11.81,7.38,11.81,6.33,0.84
30,3,2019,0.0021,0.0124,"rain",2.17,2.21,5.26,3.2,7.42,12.68,9.53,12.68,5.33,0.82
31,3,2019,0.0778,0.0085,"rain",9.76,9.62,13.5,11.57,2.14,10.94,5.26,10.47,0.16,0.84
1,4,2019,0.0032,0.0098,"rain",7.31,7.28,13.02,9.57,0.16,10.48,4.38,10.48,5.65,0.76
2,4,2019,0.3216,0.0485,"rain",5.98,5.93,12.58,10.34,2.6,11.4,6.48,11.4,0.81,0.82
3,4,2019,0.2427,0.0858,"rain",4.87,4.86,9.2,7.18,0.47,5.69,2.59,5.69,-1.1,0.76
4,4,2019,0.0094,4e-04,"rain",5.39,5.35,8.52,7.56,-1.1,10.63,3.11,10.63,1.32,0.68
5,4,2019,0.0043,0.0083,"rain",5.88,5.93,11.85,9.14,1.32,11.57,6.02,11.57,4.92,0.71
6,4,2019,0.0083,3e-04,"rain",6.04,6.08,10.84,7.73,4.36,10.21,6.14,6.99,4.69,0.88
7,4,2019,0.1394,0.0322,"rain",5.12,5.11,8.16,6.23,5.54,11.46,8.05,11.46,6.89,0.95
8,4,2019,0.0966,0.032,"rain",2.9,2.88,5.15,3.6,5.18,10.53,8.1,10.32,5.92,0.91
9,4,2019,0.0681,0.0168,"rain",6.89,6.86,14.06,8.67,4.61,10.35,6.7,7.25,3.42,0.88
10,4,2019,0.0021,0.0098,"rain",10.94,10.93,13.63,12.99,0.82,10.81,3.93,4.55,0.82,0.69
11,4,2019,0.0021,0.0535,"rain",8.46,8.48,11.49,9.72,0.82,4.41,2.5,3.81,2.52,0.66
12,4,2019,0.0109,0.0029,"rain",6.44,6.47,9.39,7.84,2.13,6.37,3.69,5.78,0.76,0.59
13,4,2019,0.0256,0.0109,"rain",6.84,6.86,9.49,7.73,0.32,3.78,1.85,3.13,-1.04,0.61
14,4,2019,0.0424,0.0098,"rain",6,5.99,9.96,8.04,-1.04,6.22,2.04,5.2,1.01,0.72
15,4,2019,0.0052,4e-04,"rain",6,6.01,12.1,8.62,1.01,12.56,6.55,12.56,5.87,0.66
16,4,2019,0.0041,0,"rain",4.93,4.89,13.39,7.79,5.87,13.97,10.43,13.97,4.46,0.7
17,4,2019,0.0041,0.2171,"rain",3.31,3.3,6.56,4.74,4.46,12.14,8.51,11.04,7.37,0.9
18,4,2019,0.0032,0.0734,"rain",6,5.97,8.92,7.8,7.37,16.87,12.81,16.87,10.78,0.72
19,4,2019,0.0041,0.3879,"rain",6.62,6.63,9.79,7.94,10.78,15.04,12.5,15.04,10.97,0.7
20,4,2019,0.0041,0.0057,"rain",6.03,6.04,8.56,7.11,10.86,15.13,12.23,15.13,10.61,0.78
21,4,2019,0.0041,0.0012,"rain",5.53,5.48,11.27,7.46,10.61,16.1,12.24,16.1,10.57,0.67
22,4,2019,0.0043,0.0187,"rain",4.94,4.9,7.78,6.84,10.58,20.56,15.09,20.56,10.96,0.58
23,4,2019,0,0,"no_precip",5.28,5.26,10.03,7.7,10.94,17.09,13.77,17.09,10.85,0.63
24,4,2019,0.5414,0.0565,"rain",5.73,5.7,15.08,8.11,10.59,17.61,13.31,17.61,6.62,0.79
25,4,2019,0.7852,0.112,"rain",5.99,5.9,15.46,11.05,6.37,13.29,10.34,13.29,5.69,0.86
26,4,2019,0.0259,0.0019,"rain",5.37,5.39,13.89,9.59,5.69,12.8,9.15,12.8,3.96,0.84
27,4,2019,0.6692,0.2438,"rain",10.53,10.46,19.42,16.69,3.96,11.12,8.88,11.12,4.35,0.76
28,4,2019,1.1101,0.2672,"rain",7.7,7.67,17.77,9.24,4.35,11.22,7.62,11.22,2.98,0.81
29,4,2019,0.0094,0.0016,"rain",3.51,3.5,7.08,4.35,2.98,11.06,8.51,11.06,7.28,0.85
30,4,2019,0.0204,0.0037,"rain",4.87,4.85,7.27,5.67,6.15,11.27,9.15,11.27,6.96,0.83
1,5,2019,0.0083,0.0011,"rain",1.65,1.72,3.84,2.04,6.79,10.91,8.97,10.67,2.27,0.82
2,5,2019,0.27,0.0803,"rain",4.15,4.18,8.54,5.94,2.27,12.33,9.55,12.33,10.15,0.87
3,5,2019,1.1983,0.121,"rain",3.08,3.26,9.92,4.09,2.76,11.04,8.68,10.62,2.64,0.77
4,5,2019,1.1171,0.1673,"rain",9.72,9.71,17.38,13.31,2.82,5.55,4.08,5.55,3.21,0.65
5,5,2019,0.1017,0.0483,"rain",7.45,7.38,14.9,9.76,3.85,8.2,5.57,6.47,3.9,0.63
6,5,2019,0.1332,0.039,"rain",4.92,4.8,9.21,6.74,3.9,8.08,6.1,7.37,5.54,0.69
7,5,2019,0.0567,0.026,"rain",3.13,3.11,6.35,4.12,5.54,11.65,9.07,11.65,7.3,0.68
8,5,2019,1.4574,0.3619,"rain",7.98,7.89,17.13,12.59,5.57,13.3,10.81,13.3,5.68,0.77
9,5,2019,0.3605,0.0433,"rain",5.31,5.42,14.97,9.62,5.68,12.46,10.52,12.46,7.74,0.86
10,5,2019,0.3193,0.1023,"rain",2.74,2.83,7.21,3.56,7.74,11.57,10.07,10.89,6.52,0.83
11,5,2019,0.01,0.0012,"rain",5.9,5.86,8.26,7.33,6.52,11.71,9.76,11.71,6.7,0.75
12,5,2019,0.0071,0.001,"rain",5.95,5.96,7.79,6.64,6.31,10.92,9.52,10.92,5.11,0.66
13,5,2019,0.0041,0.032,"rain",6.46,6.47,10.77,7.7,5.11,11.05,8.78,11.05,6.03,0.76
14,5,2019,0.0043,0.0098,"rain",7.91,7.92,11.86,10.02,5.45,11.81,9.66,11.81,6.91,0.78
15,5,2019,0.0041,0.0103,"rain",6.6,6.64,11.63,8.26,6.91,13.22,11.45,13.22,10.05,0.76
16,5,2019,0,0,"no_precip",7.88,7.89,12.76,10.26,10.05,12.76,11.59,12.52,10.75,0.75
17,5,2019,0.0219,0.0051,"rain",6.05,6.03,11.8,6.7,10.61,14.03,11.74,11.9,10.23,0.81
18,5,2019,0.0054,4e-04,"rain",2.89,2.91,5.34,3.02,10.23,13.51,11.9,13.51,11.82,0.82
19,5,2019,0.0314,0.0066,"rain",5.12,5.11,9.84,7.34,10.08,13.05,11.56,12.32,10.21,0.91
20,5,2019,0.0137,0.0032,"rain",5.8,5.77,10.13,9.03,10.14,12,11.01,11.96,11.25,0.89
21,5,2019,0.0043,0.2764,"rain",3.9,3.86,9.15,6.05,10.06,12.58,11.35,12.58,7.54,0.9
22,5,2019,0.0021,0.0089,"rain",2.34,2.33,5.23,3.28,7.54,15.68,11.51,14.52,7.23,0.78
23,5,2019,0.0021,0.005,"rain",3.23,3.24,6.88,4.92,7.23,16.36,12.96,16.36,11.47,0.72
24,5,2019,0.0021,0,"rain",3.59,3.58,8.96,4.83,11.47,15.49,13.12,15.49,10.15,0.8
25,5,2019,0.1718,0.0297,"rain",2.43,2.47,5.06,3.06,10.15,15.02,12.62,14.33,11.15,0.83
26,5,2019,0.2364,0.0288,"rain",7.51,7.44,16.66,12.4,11.15,16.09,13.7,16.09,12.43,0.86
27,5,2019,0.2581,0.0458,"rain",5.62,5.6,12.61,8.29,12.81,15.17,13.95,15.17,10.12,0.77
28,5,2019,0.5638,0.1885,"rain",4.41,4.37,10.72,6.25,10.11,13.19,12,12.86,9.12,0.83
29,5,2019,0.2911,0.0229,"rain",4.48,4.53,14.33,6.47,9.12,14.73,12.23,14.73,12.09,0.76
30,5,2019,0.3171,0.0583,"rain",7.95,7.92,14.44,13.59,12.26,17.59,14.7,17.59,10.96,0.87
31,5,2019,0.0049,0.0927,"rain",5.71,5.68,12.82,8.38,10.96,15.12,13.67,15.12,10.45,0.86
1,6,2019,0.0041,0,"rain",3.72,3.76,7.64,4.82,10.45,17.07,14.32,16.21,13.73,0.81
2,6,2019,0.0081,9e-04,"rain",5.33,5.3,12.92,8.64,13.73,22.44,17.35,22.44,14.28,0.77
3,6,2019,0.002,0.2006,"rain",6.14,6.1,10.79,9.26,12.38,15.88,14.6,15.37,8.13,0.82
4,6,2019,1.6761,0.2168,"rain",4.58,4.64,12.65,7.46,8.13,19.55,14.16,19.55,12.67,0.8
5,6,2019,1.0061,0.1337,"rain",5.15,5.16,12.81,8.58,11.76,14.4,13.58,14.4,11.03,0.87
6,6,2019,2.2245,0.3163,"rain",6.16,6.1,11.18,8.19,11.03,15.51,13.47,15.51,11.36,0.74
7,6,2019,0.3969,0.0892,"rain",6.52,6.52,16.62,12.45,11.36,17.44,13.87,17.44,12.49,0.81
8,6,2019,0.9809,0.2362,"rain",13.04,12.84,21.64,18.33,11.73,15.47,13.73,15.47,7.22,0.77
9,6,2019,0.1024,0.0085,"rain",4.22,4.28,13.95,6.63,7.22,14.4,12.43,14.4,13.5,0.82
10,6,2019,0.3861,0.1448,"rain",4.99,4.96,9.65,7.71,11.58,17.31,14.2,17.31,7.81,0.88
11,6,2019,0.0507,0.0027,"rain",3.63,3.6,7.92,4.99,7.81,15.35,12.52,15.35,12.54,0.79
12,6,2019,1.6907,0.3995,"rain",2.39,2.41,10.12,4,10.48,14.34,12.8,14.34,10.09,0.86
13,6,2019,0.3514,0.0398,"rain",7.45,7.33,14.97,12.66,10.25,14.7,13.21,14.7,12.29,0.87
14,6,2019,0.003,0.0567,"rain",4.71,4.67,11.59,7.04,12.29,16.43,14.01,16.43,13.68,0.82
15,6,2019,0.2033,0.0326,"rain",3.04,3.03,12.29,6.85,13.83,15.99,14.99,15.98,13.93,0.77
16,6,2019,0.3044,0.0452,"rain",6.79,6.69,13.74,10.58,13.93,17.37,15.48,17.37,11.96,0.8
17,6,2019,0.0026,0.0322,"rain",3.13,3.13,7.44,5.3,11.96,18.08,15.15,18.08,12.77,0.82
18,6,2019,0.2514,0.0525,"rain",3.62,3.65,9.64,4.28,12.77,17.96,15.49,17.96,14.72,0.81
19,6,2019,0.5473,0.1374,"rain",4.08,4.07,13.63,6.09,13.71,18.03,15.83,16.49,15.04,0.88
20,6,2019,0.2301,0.0365,"rain",6.43,6.34,12.02,9.55,13.73,16.47,15.5,16.47,10.91,0.83
21,6,2019,0.0915,0.0161,"rain",4.53,4.49,8.8,5.88,10.91,15.73,14.06,15.73,12.54,0.8
22,6,2019,0.0032,0.1446,"rain",5.02,4.96,9.88,6.29,12.54,17.84,15.34,17.84,15.68,0.79
23,6,2019,0.0199,0.0021,"rain",5.04,5.06,9.72,7.27,15.68,22.25,18.53,20.56,19.05,0.85
24,6,2019,0.095,0.0124,"rain",3.74,3.71,8.43,6.46,16.9,23.16,19.52,23.16,16.86,0.83
25,6,2019,0.527,0.0866,"rain",4.35,4.31,11.62,7.05,15.46,21.04,18.1,21.04,14.66,0.88
26,6,2019,0.002,0.3047,"rain",7.63,7.62,14.35,10.96,13.24,16.67,15.1,15.98,15.16,0.94
27,6,2019,0.003,0.0866,"rain",9.79,9.79,13.62,12.47,14.87,17.35,15.88,17.35,14.44,0.86
28,6,2019,0.0021,0,"rain",7.33,7.3,12.96,9.5,14.44,17.44,15.84,16.68,16.12,0.85
29,6,2019,0,0,"no_precip",4.48,4.51,9.45,6.73,16.58,26.21,21.28,25.91,18.66,0.69
30,6,2019,0.1641,0.0133,"rain",6.73,6.67,12.62,9.93,15.46,21.21,18.29,18.85,14.02,0.84
1,7,2019,0.0073,6e-04,"rain",5.78,5.72,10.82,8.2,14.02,18.37,16.54,17.97,12.61,0.81
2,7,2019,0.032,0.0072,"rain",5.09,5.07,8.26,5.99,12.61,18.6,16.46,17.21,13.75,0.79
3,7,2019,0.0085,6e-04,"rain",6.22,6.21,9.32,7.86,13.75,17.49,16.03,17.49,13.38,0.68
4,7,2019,0.0062,5e-04,"rain",3.46,3.47,8.34,4.55,13.38,16.92,15.62,16.85,14.06,0.72
5,7,2019,0.0083,0.0012,"rain",2.68,2.69,6.32,3.68,14.06,19.61,17.07,19.57,15.15,0.78
6,7,2019,0.3328,0.0317,"rain",3.47,3.5,7.14,5.03,15.15,18.91,16.85,18.91,15.11,0.85
7,7,2019,0.3538,0.0409,"rain",4.12,4.13,6.23,5.04,14.76,16.48,15.5,16.48,11.91,0.72
8,7,2019,0.0098,0.0016,"rain",3.91,3.9,11.08,5.17,11.91,16.1,14.34,16.1,11.72,0.72
9,7,2019,0.0083,0.0021,"rain",2,2.04,4.56,2.81,11.72,17.05,14.71,16.89,15.96,0.71
10,7,2019,0.4087,0.0547,"rain",4.65,4.61,10.73,6.76,15.96,19.1,17.47,18.63,15.14,0.78
11,7,2019,0.0854,0.005,"rain",5.17,5.17,8.42,6.97,15.14,19.41,17.11,18.62,13.55,0.86
12,7,2019,1.2015,0.2171,"rain",3.54,3.59,8.29,6.47,13.55,19.28,16.77,19.28,16.25,0.86
13,7,2019,0.0378,0.0083,"rain",6.22,6.19,8.67,7.8,14.49,18.02,16.76,17.34,15.92,0.82
14,7,2019,0.036,0.0163,"rain",6.66,6.64,9.42,7.98,14.72,17.34,16.06,17.34,14.74,0.76
15,7,2019,0.032,0.0113,"rain",4.6,4.6,8.01,5.89,14.47,16.71,15.42,15.82,13.45,0.76
16,7,2019,0.0076,0.0018,"rain",2.2,2.17,3.89,2.82,13.45,18.69,16.64,17.87,13.01,0.75
17,7,2019,0.0096,0.0028,"rain",2.2,2.2,6.22,2.89,13.01,20.85,17.29,20.73,15.71,0.79
18,7,2019,0.0362,0.0091,"rain",6.91,6.84,14.12,10.86,15.71,19.23,17.43,19.23,14.03,0.84
19,7,2019,0.0241,0.0037,"rain",4.45,4.49,10.72,7.42,14.03,19.37,17.06,19.37,16.58,0.82
20,7,2019,1.9358,0.3849,"rain",7.86,7.77,17.91,12.39,16.57,20.09,18.44,20.09,15.59,0.84
21,7,2019,0.0381,0.0108,"rain",4.14,4.19,12.6,6.41,15.59,18.69,17.3,18.69,14.05,0.85
22,7,2019,0.0084,6e-04,"rain",6.78,6.69,13.16,10.69,14.05,20.21,17.79,20.21,16.19,0.83
23,7,2019,0.0083,0.0018,"rain",4.28,4.38,8.84,5.45,16.19,25.49,20.74,25.49,20.35,0.8
24,7,2019,0.0604,0.0088,"rain",5.73,5.69,11.66,8.24,18.75,24.33,21.51,24.33,18.75,0.78
25,7,2019,1.2006,0.1197,"rain",4.4,4.46,20.1,6.5,19.1,35.23,25.74,34.74,21.97,0.65
26,7,2019,1.398,0.3879,"rain",6.1,6.13,22.09,7.25,20.28,25.22,22.48,23.05,19.53,0.76
27,7,2019,1.1371,0.3594,"rain",4.73,4.81,10.14,7.94,17.35,21.72,19.53,20.18,17.24,0.92
28,7,2019,0.4278,0.076,"rain",6.98,6.96,10.7,8.97,16.61,18.94,17.49,18.01,14.65,0.87
29,7,2019,0.0095,0.0017,"rain",4.43,4.47,10.65,6.83,14.65,20.44,17.65,19.91,17.54,0.82
30,7,2019,0.1489,0.0258,"rain",6.46,6.52,15.72,11.22,17.54,21.95,19.3,21.95,16.85,0.76
31,7,2019,0.7011,0.2162,"rain",9.51,9.45,15.85,14.26,16.68,19.16,17.48,19.16,15.35,0.83
1,8,2019,0.416,0.0572,"rain",5.33,5.31,12.84,8.07,15.35,20.08,17.43,20.07,17.21,0.87
2,8,2019,0.1393,0.0206,"rain",5.95,5.89,9.5,8.17,17.24,19.85,18.49,19,18.03,0.85
3,8,2019,0.0082,0.0014,"rain",4.22,4.27,8.16,4.87,17.51,19.42,18.52,19.42,16.26,0.76
4,8,2019,0.2392,0.0172,"rain",3.92,3.9,6.62,5.02,16.26,21.17,19.06,21.17,17.92,0.83
5,8,2019,0.1953,0.0228,"rain",7.76,7.67,13.98,10.89,16.03,20.29,18.76,19.92,13.97,0.83
6,8,2019,0.0289,0.0054,"rain",7.3,7.31,13.19,11.46,13.97,19.3,17.02,19.3,15.28,0.81
7,8,2019,0.0282,0.0097,"rain",8.58,8.56,14.38,12.78,15.28,19.51,17.74,19.51,15.06,0.82
8,8,2019,0.0743,0.0147,"rain",4.64,4.69,13.08,7.36,15.06,19.7,17.59,19.36,18.83,0.81
9,8,2019,2.1362,0.2462,"rain",6.48,6.48,15.98,12.89,18.73,22.97,20.47,22.95,17.6,0.8
10,8,2019,0.2089,0.0725,"rain",13.89,13.72,24.45,20.2,17.31,20.81,18.86,20.02,14.86,0.76
11,8,2019,0.0598,0.0141,"rain",9.52,9.51,18.07,14.57,14.86,18.34,16.67,18.34,13.51,0.81
12,8,2019,0.4505,0.1653,"rain",5.67,5.73,12.73,8.62,13.51,17.31,15.32,17.31,13.11,0.86
13,8,2019,0.5255,0.1546,"rain",6.01,5.96,9.16,8.21,13.11,17.26,15.36,17.26,13.13,0.77
14,8,2019,0.9438,0.3014,"rain",5.92,5.96,15.6,10.47,13.13,17.53,15.35,17.41,16.29,0.87
15,8,2019,0.3028,0.0978,"rain",8.73,8.65,15.18,11.49,16.95,19.21,18.01,19.16,12.45,0.85
16,8,2019,1.0772,0.1163,"rain",5.66,5.61,13.47,9.25,12.45,19.07,16.25,19.07,16.14,0.83
17,8,2019,0.7156,0.1446,"rain",8.37,8.31,16.86,14.01,15.6,18.32,17.19,18.32,15.06,0.89
18,8,2019,0.636,0.177,"rain",7.09,7.1,14.89,10.2,15.06,18.72,16.35,18.72,13.69,0.83
19,8,2019,0.2269,0.0462,"rain",8.59,8.51,15.32,13.32,13.69,18.67,16.09,18.67,13.26,0.79
20,8,2019,0.0747,0.0142,"rain",5.55,5.51,11.62,7.54,13.26,18.15,15.69,18.15,12.65,0.78
21,8,2019,0.0094,6e-04,"rain",2.24,2.21,5.65,3.17,12.65,18.74,16,18.74,13.17,0.76
22,8,2019,0.0094,0.0023,"rain",4.85,4.76,8.69,6.58,13.17,18.44,15.85,18.4,14.25,0.8
23,8,2019,0.0117,0.0013,"rain",3.2,3.24,6.48,4.34,14.25,19.91,17.25,19.88,17.12,0.83
24,8,2019,0.0095,0.0012,"rain",4.19,4.21,7.71,5.55,17.12,23,19.9,23,16.69,0.75
25,8,2019,0.0051,2e-04,"rain",2.82,2.89,6.6,4.24,16.69,23.59,20.59,23.59,16.55,0.74
26,8,2019,0.0032,0,"rain",3.15,3.17,6.54,4.72,16.55,24.33,21.44,24.33,17.84,0.76
27,8,2019,0.0106,5e-04,"rain",3.5,3.46,6.42,4.73,17.84,23.65,21.52,23.65,19.13,0.84
28,8,2019,0.1456,0.0242,"rain",5.3,5.22,12.24,8.35,18.15,21.93,19.72,19.99,16.6,0.89
29,8,2019,0.1239,0.0168,"rain",5.45,5.48,11.72,7.84,15.38,18.6,17.28,18.05,13.54,0.83
30,8,2019,0.0094,0.0011,"rain",5.68,5.64,8.68,7.79,13.54,19.27,16.52,19.27,14.7,0.82
31,8,2019,0.0226,0.0025,"rain",5.24,5.24,13.25,8.4,14.7,22.72,18.18,22.72,16.45,0.78
1,9,2019,0.0198,0.0062,"rain",5.65,5.66,10.39,6.96,15.74,18.42,16.97,17.33,15.19,0.69
2,9,2019,0.0251,0.0022,"rain",6.58,6.61,11.28,7.72,15.18,19.33,16.83,17.25,15.52,0.66
3,9,2019,0.0322,0.0066,"rain",6.75,6.74,10.99,9.05,15.52,18.5,16.91,18.5,15.1,0.76
4,9,2019,2.4332,0.3545,"rain",7.61,7.56,16.27,12.34,15.04,19.17,16.95,19.17,14.68,0.79
5,9,2019,0.0504,0.0091,"rain",7.99,7.91,15.21,10.23,12.59,17.84,15.14,15.32,11.36,0.63
6,9,2019,0.2946,0.03,"rain",6.54,6.44,13.97,9.44,11.36,16.75,14.34,16.75,14.61,0.77
7,9,2019,0.3953,0.1033,"rain",7.5,7.47,12.77,9.62,13.21,16.61,15.22,15.81,14.76,0.77
8,9,2019,0.2575,0.057,"rain",6.01,6,10.65,7.81,13.27,16.29,14.85,15.41,10.54,0.66
9,9,2019,0.2915,0.0699,"rain",3.5,3.46,8.37,5.01,10.54,15.83,13.5,15.83,11.08,0.72
10,9,2019,0.0107,0.0038,"rain",2.48,2.52,5.84,3.58,11.08,18.12,14.62,16.75,15.14,0.76
11,9,2019,0.1712,0.0284,"rain",8.72,8.62,17.89,12.95,15.14,18.64,16.99,18.64,17.25,0.83
12,9,2019,0.0747,0.0111,"rain",7.55,7.62,15.38,11.19,17.14,19.53,17.96,19.53,17.5,0.83
13,9,2019,0.0352,0.0065,"rain",6.46,6.5,14.28,8.32,14.73,18.55,17.4,18.42,13.54,0.79
14,9,2019,0.0096,0.0021,"rain",3.62,3.61,7.81,5.13,13.54,18.18,15.85,18.18,11.69,0.78
15,9,2019,0.0083,0.0027,"rain",3.63,3.56,7.85,5.53,11.69,18.98,15.87,18.98,15.57,0.82
16,9,2019,0.018,0.0033,"rain",3.33,3.32,6.95,4.9,15.2,18.19,16.43,18.19,14.71,0.89
17,9,2019,0.0073,0.001,"rain",5.42,5.4,9.48,6.78,14.38,16.66,15.5,16.66,13.61,0.71
18,9,2019,0.0083,6e-04,"rain",5.61,5.61,9.88,6.69,13.45,16.46,15.24,16.03,14.54,0.61
19,9,2019,0.0106,0.0016,"rain",3.82,3.82,6.16,4.91,14.43,16.52,15.7,16.51,12.81,0.7
20,9,2019,0.0096,0.0024,"rain",5.28,5.28,13.74,7.84,12.81,19.45,15.44,19.45,12.28,0.64
21,9,2019,0.0041,0.0066,"rain",6.48,6.49,13.52,9.72,12.28,22.7,16.62,22.7,15.86,0.62
22,9,2019,0.4654,0.0621,"rain",5.47,5.45,14.49,10.58,15.86,22.42,17.98,22.42,15.97,0.77
23,9,2019,0.5788,0.0801,"rain",5.89,5.86,11.19,9.87,15.48,18.15,16.73,18.15,16.13,0.85
24,9,2019,3.3771,0.7795,"rain",8.11,8.05,16.21,13.51,14.53,17.46,16.46,17.35,15.43,0.88
25,9,2019,1.4297,0.6588,"rain",8.52,8.46,16.14,14.66,15.29,17.3,16.18,17.3,15.77,0.89
26,9,2019,1.0732,0.2568,"rain",8.68,8.6,18.62,15,15.77,18.92,16.95,18.92,15.18,0.89
27,9,2019,0.829,0.2549,"rain",10.14,10.06,20.74,16.1,15.04,17.23,15.94,17.23,14,0.84
28,9,2019,0.2006,0.0567,"rain",9.52,9.45,18.34,14.79,14,17.27,15.75,17.27,15.06,0.81
29,9,2019,2.3721,0.5371,"rain",11.51,11.48,22.69,18.58,15.06,17.68,16.17,17.68,15.2,0.88
30,9,2019,1.5225,0.155,"rain",8.04,8.13,18.25,11.32,14.4,15.94,15.42,15.79,15.19,0.81
1,10,2019,2.2615,0.7592,"rain",7.59,7.58,19.35,13.47,14.62,17.63,16.16,17.63,13.31,0.92
2,10,2019,0.916,0.0944,"rain",9.24,9.19,13.65,11.11,11.37,15.14,13.17,14.45,10.96,0.67
3,10,2019,0.0087,0.0012,"rain",5.34,5.45,10.91,6.86,10.54,14.56,12.77,13.53,10.4,0.73
4,10,2019,1.0015,0.2764,"rain",9.26,9.19,16.25,12.18,10.4,15.98,13.73,15.98,12.8,0.82
5,10,2019,0.0984,0.0152,"rain",5.22,5.28,8.78,7.08,11.79,16.07,12.91,13.65,12.17,0.81
6,10,2019,0.8639,0.311,"rain",8.43,8.38,20.95,11.91,12.27,15.43,13.46,15.43,12.18,0.9
7,10,2019,0.5375,0.0859,"rain",5.48,5.64,16.08,8.33,11.91,14.83,13.13,14.83,13.42,0.91
8,10,2019,0.9046,0.2802,"rain",7.5,7.61,16.43,12.08,13.13,15.42,14.3,15.42,12.02,0.87
9,10,2019,1.1848,0.3514,"rain",8.11,8.17,14.96,12.91,11.11,15.35,12.8,14.32,12.15,0.81
10,10,2019,0.9359,0.1242,"rain",9.07,9.05,17.31,13.19,10.79,15.8,13.6,15.8,13.59,0.79
11,10,2019,0.5121,0.1672,"rain",11.64,11.61,22.04,19.32,14.48,16.52,15.38,16.51,11,0.87
12,10,2019,0.6525,0.2561,"rain",2.58,2.77,19.75,5.97,11,16.88,12.83,12.24,11.83,0.95
13,10,2019,0.3209,0.1047,"rain",6.57,6.49,19.92,13.36,12.33,17.49,15.49,17.49,12.91,0.94
14,10,2019,1.711,0.279,"rain",5.2,5.23,30.78,9.66,12.91,18.76,15.04,18.25,14.58,0.88
15,10,2019,0.3586,0.0615,"rain",6.73,6.69,14.07,10.7,12.86,16.01,14.61,16.01,12.35,0.92
16,10,2019,1.7042,0.5036,"rain",6.64,6.54,17.05,11.54,12.35,15.63,13.84,15.63,12.56,0.92
17,10,2019,0.4622,0.0844,"rain",5.48,5.49,14.59,8.43,12.31,15.31,13.77,15.31,13.03,0.82
18,10,2019,1.2628,0.4885,"rain",9.39,9.32,21.02,16.58,10.21,14.2,12.61,13.44,11.98,0.89
19,10,2019,1.2148,0.329,"rain",7.33,7.31,17.83,13.27,10.23,13.41,12.22,13.1,10.51,0.88
20,10,2019,0.0539,0.0098,"rain",4.31,4.37,8.74,6.03,10.02,14.27,12.06,12.96,12.16,0.82
21,10,2019,1.8516,0.6165,"rain",6.62,6.59,14.85,8.83,11.35,14.11,12.6,13.25,12.56,0.94
22,10,2019,0.3821,0.0776,"rain",3.82,3.8,7.03,4.23,10.29,14.49,12.72,13.78,10.08,0.88
23,10,2019,0.0105,0.0014,"rain",4.44,4.34,9.8,6.11,10.11,14.22,12.87,13.82,12.06,0.9
24,10,2019,0.4338,0.0392,"rain",6.39,6.35,16.59,11.26,12.06,15.88,14.48,15.88,12.45,0.9
25,10,2019,0.2725,0.0535,"rain",7.76,7.82,21.01,14.55,12.45,15.19,13.68,14.37,14.32,0.89
26,10,2019,1.0003,0.1101,"rain",11.16,11.04,23.36,19.62,13.83,17.72,15.91,17.72,6.35,0.85
27,10,2019,0.8944,0.0866,"rain",6.41,6.38,11.97,8.09,6.35,12.97,10.55,10.84,4.37,0.72
28,10,2019,0.0816,0.0098,"rain",3.77,3.8,7.01,4.54,4.37,12.62,9.95,12.52,6.75,0.75
29,10,2019,0.097,0.0309,"rain",5.86,5.84,10.25,7.89,5.83,11.4,9.05,11.37,4.99,0.74
30,10,2019,0.0062,9e-04,"rain",7.39,7.38,10.84,9.63,3.35,6.42,5.11,6.42,1.8,0.8
31,10,2019,0.0053,4e-04,"rain",6.08,6.1,9.69,8.34,1.8,7.3,4.08,7.3,2.81,0.82
1,11,2019,0.5174,0.1785,"rain",6.66,6.61,16.13,11.3,3.42,14.72,10.39,14.42,13.01,0.93
2,11,2019,1.3283,0.5377,"rain",12.51,12.34,24.92,18.75,10.72,15.3,13.27,13.88,6.2,0.84
3,11,2019,0.8531,0.1518,"rain",5.07,5.17,16.18,8.54,5.77,12.28,10.51,11.26,7.26,0.87
